Action(SiteID=US|Country=US|Currency=USD|Version=585|CC=UTF-8),ItemID,Title,SiteID,Currency,StartPrice,BuyItNowPrice,Quantity,Relationship,RelationshipDetails,CustomLabel
Revise,331760781105,"07-13 Mirror Yukon Denali  Silverado Avalanche Towing Mirror Extension Set Pair",eBayMotors,USD,65.99,,1,,,K81_80900
Revise,331760781093,"Tailgate; 4000 Series; Flow Thru; Vented; V Shape Louvered; Lockable VGD-02-4000",eBayMotors,USD,399.99,,1,,,S2I_VGD024000
Revise,331361580017,"Two Tie Down Anchor Stake Pocket Mount Chrome Plated Metal Cleat Style  9150100",eBayMotors,USD,21.99,,1,,,G16_9150100
Revise,231822985121,"Front Grille/ Rear Tailgate Emblem Chevy Bow Tie Polished Boarder/ Black 96101KP",eBayMotors,USD,114.99,,1,,,A68_96101KP
Revise,331251285323,"Wheel Chock Tire Stopper Wedge Block Heavy Duty RV Truck Boat Trailer Set of 2",eBayMotors,USD,19.99,,1,,,V46_A100908
Revise,331221000293,"Ladder Rack Wind Deflector; For Kargomaster Pro II and Pro IV; Black Metal 31570",eBayMotors,USD,59.99,,1,,,K47_31570
Revise,331169273593,"Mirror Classic Chrome Pair Side View Door Hot Rod Truck Car Universal Left Right",eBayMotors,USD,39.99,,2,,,K81_1401
Revise,261869800898,"RV Motorhome Folding Stepping Stool Seat 15 Inch Camo 300 lbs Capacity 152-6CF",eBayMotors,USD,24.99,,1,,,B6A_1526CF
Revise,261870827643,"Universal Mud Flap Splash Guard 4X4 Logo 15X8.75 Inch Set Of 2 Screw-On 1089600",eBayMotors,USD,18.99,,2,,,G16_1089600
Revise,261870838875,"Universal Mud Flap Splash Guard Black No Logo 13X7 Inch Set Of 2 1072700",eBayMotors,USD,17.99,,1,,,G16_1072700
Revise,331465372680,"Single Lowering Leaf Spring; 3 Inch Drop; Lowers Rear Suspension for Chevy GMC",eBayMotors,USD,136.99,,2,,,B26_5954
Revise,231298931935,"ADCO Universal Car Cover Large 16-19 Foot; 3 Layer UV Safe Waterproof 30703",eBayMotors,USD,58.99,,1,,,A1V_30703
Revise,231299739924,"Ford F Louvered Tailgate 4000 Series Fifth 5th Wheel Vented V Shape VG-97-4000",eBayMotors,USD,399.99,,1,,,S2I_VG974000
Revise,231299743849,"Ford F Tailgate 4000 Series Fifth 5th Wheel Vented V Shape Louvered VG-97-4000",eBayMotors,USD,382.99,,1,,,S2I_VG974000
Revise,331280789621,"20 Pound Propane Gas Tank Holder Rack Bolts To Trailer Wall Mount; Steel 2020-JR",eBayMotors,USD,35.99,,2,,,S2I_2020JR
Revise,331124066547,"Mirror- Ford GMC Chevy Dodge Interior Rear View Mirror - 10 Inch Universal Fit",eBayMotors,USD,24.99,,1,,,K81_DN100
Revise,331281812372,"ADCO Tire Cover Designer Slip On 36-39 Inch Two-Tone Brown; Vinyl; Set Of 4 3960",eBayMotors,USD,71.99,,1,,,A1V_3960
Revise,231300861555,"ADCO Tire Cover Designer Slip On 40-42 Inch Two-Tone Brown; Vinyl; Set Of 4 3967",eBayMotors,USD,89.99,,1,,,A1V_3967
Revise,331281834113,"ADCO Tire Cover Slip On Shade 33-35 Inch Black; Heavy Duty Vinyl; Set Of 2 3971",eBayMotors,USD,35.99,,1,,,A1V_3971
Revise,331281851658,"ADCO Tire Cover Slip On Shade 30-32 Inch Black; Heavy Duty Vinyl; Set Of 2 3972",eBayMotors,USD,35.99,,1,,,A1V_3972
Revise,231300903773,"ADCO Triple Tire Cover Fits 3 Axle 30-32 Inch Black Heavy Duty Vinyl Shade 3992",eBayMotors,USD,39.99,,1,,,A1V_3992
Revise,231828917084,"Front Grille / Rear Tailgate Grille Emblem Chevy Bow Tie Black Aluminum 96113K",eBayMotors,USD,77.99,,1,,,A68_96113K
Revise,231828917093,"Window Louver; Side Window; Smooth; Paintable; ABS Plastic   10567",eBayMotors,USD,142.99,,2,,,A16_10567
Revise,231828917094,"Extend A Shower Curtain Rod 43.05 Inch; 35-42 In. Wide RV Shower White EXT-3542",eBayMotors,USD,50.99,,1,,,S2I_EXT3542
Revise,262264411565,"Rear Universal Diamond Plate Look Pair Mud Flap Tire Guards Easy Fit 000518R01",eBayMotors,USD,41.99,,1,,,P23_000518R01
Revise,331765189740,"Universal Mud Flap 24X12 Inch; Set Of 2 Flat No Logo Rubber Screw-On 1241200",eBayMotors,USD,29.99,,0,,,G16_1241200
Revise,331765189741,"ADCO 31.25 INCH RV CAMPER TRAILER SPARE TIRE WHEEL COVER US AMERICAN FLAG 1783",eBayMotors,USD,27.49,,1,,,A1V_1783
Revise,331765189746,"ADCO 29 INCH RV WHEEL SPARE TIRE COVER POLAR WHITE HEAVY DUTY VINYL 1755",eBayMotors,USD,21.99,,2,,,A1V_1755
Revise,331765189747,"Front Grille Emblem; 1999 - 2006 Chevy Bow Tie w/o Boarder; Black Aluminum",eBayMotors,USD,42.99,,1,,,A68_96143K
Revise,262264411619,"Front Grille Emblem; Chevy Bow Tie No Border; Black; Powder Coated 96001K",eBayMotors,USD,34.99,,1,,,A68_96001K
Revise,331765206125,"Entry Step Hand Rail Lend-a-Hand Travel Trailers Swing 27.25 In Silver AM-300",eBayMotors,USD,48.99,,1,,,S2I_AM300
Revise,231828936825,"E-Z RV Motorhome Folding Fold Step Stool Seat Green 15 Inch 152-6FG",eBayMotors,USD,23.99,,3,,,B6A_1526FG
Revise,262264479243,"ADCO 34 INCH RV CAMPER TRAILER SPARE TIRE WHEEL COVER USA AMERICAN FLAG 1781",eBayMotors,USD,26.49,,1,,,A1V_1781
Revise,331765206127,"E-Z RV Motorhome Folding Stepping Stool Seat Blue 300 lbs Max 9 Inch 101-6SB",eBayMotors,USD,19.99,,1,,,B6A_1016SB
Revise,331765206129,"ADCO 34 INCH RV WHEEL SPARE TIRE COVER BLACK HEAVY DUTY VINYL 1731",eBayMotors,USD,21.99,,1,,,A1V_1731
Revise,331765206131,"Harley Davidson Spare Tire Cover Fits 27-31 Inch Diameters Grey 000795R01",eBayMotors,USD,32.99,,1,,,P23_000795R01
Revise,331765206134,"E-Z RV Motorhome Folding Stepping Stool Seat White 300 lbs Max 15 Inch 152-6WH",eBayMotors,USD,24.99,,1,,,B6A_1526WH
Revise,262264479236,"Tire Stopper Parking Mat; Vehicle Storage Ramp; 18 X 12 Inch; Single 9242200",eBayMotors,USD,29.99,,2,,,G16_92422
Revise,231828946446,"ADCO 27 INCH RV WHEEL SPARE TIRE COVER POLAR WHITE HEAVY DUTY VINYL 1757",eBayMotors,USD,23.99,,1,,,A1V_1757
Revise,262264517481,"Universal Mud Flap Splash Guard Black No Logo 14X9 Inch Set Of 2 1057700",eBayMotors,USD,18.99,,3,,,G16_1057700
Revise,331765214598,"Rat Rod Hot Rod Classic Mirror Truck Car Universal Fit Chrome Set of 2",eBayMotors,USD,54.99,,1,,,K81_1401
Revise,331765214587,"Fifth Wheel Trailer Landing Gear Foot; Lead Leg Part LG-179013 ; LG-119225",eBayMotors,USD,22.99,,4,,,S2I_LG119225
Revise,231552307867,"ADCO Windshield Cover Class C Chevy Chevrolet RV Motorhomes 2001 - 2016 2409",eBayMotors,USD,46.99,,1,,,A1V_2409
Revise,232349311780,"NEW StarTech 2 Port DVI Audio USB KVM Switch W/ 2 Sets of new cables",US,USD,69.99,,1,,,
Revise,262695486737,"ADCO Windshield Cover Class C / B Ford 350 450 RV Motorhomes 1996-2012 2507",eBayMotors,USD,86.99,,1,,,A1V_2507
Revise,262695486739,"Bike Ski Rack Thule Square Bar Load Stops Ladders Wood Canoes Set of 4 # 503",eBayMotors,USD,82.99,,1,,,T22_503
Revise,262695486740,"ADCO Windshield Cover Class C Endura/Kodiak 550 RV Motorhomes 2004-2010 2410",eBayMotors,USD,51.99,,1,,,A1V_2410
Revise,262695486744,"GMC Front Grille Emblem; GMC Logo Polished; Aluminum 96500P",eBayMotors,USD,66.99,,1,,,A68_96500P
Revise,332016746312,"ADCO Propane Dual 10 Gallon Tank Cover Polar White Heavy Vinyl w/ Zipper 2114",eBayMotors,USD,29.99,,1,,,A1V_2114
Revise,332016746317,"ADCO Tire Cover; Dual Axle Slip On 27-29 Inch Polar White; Vinyl; Single 3923",eBayMotors,USD,28.99,,1,,,A1V_3923
Revise,232127845769,"Universal Mud Flap Splash Guard 4X4 Logo 17.75X12 Inch Set Of 2 Screw-On 1084500",eBayMotors,USD,25.99,,2,,,G16_1084500
Revise,232127845771,"ADCO Propane Single 5 Gallon Tank Cover 20 Lbs Polar White Vinyl W/ Zipper 2111",eBayMotors,USD,19.99,,1,,,A1V_2111
Revise,232127845772,"E-Z RV Motorhome Folding Stepping Stool Seat Yellow 300 lbs Max 9 Inch 101-6Y",eBayMotors,USD,19.99,,1,,,B6A_1016Y
Revise,232127845776,"Mirror Hot Rod Custom Vintage Rat Rod Truck Car Universal Door Mirror Pair/Set",eBayMotors,USD,54.99,,2,,,K81_1401
Revise,262695486749,"ADCO Propane Dual 7.5 Gallon Tank Cover 30 Lbs Polar White Vinyl w/ Zipper 2113",eBayMotors,USD,28.99,,1,,,A1V_2113
Revise,262695486757,"Jeep Logo Front Bucket Seat Covers Black Pair Polyester w/ Foam Cushion",eBayMotors,USD,49.98,,1,,,P23_006563R01
Revise,332016746329,"ADCO Windshield Cover Class C Chevy RV Motorhomes 1972-1996 White Vinyl. 2403",eBayMotors,USD,48.49,,1,,,A1V_2403
Revise,332016746336,"Front Grille Emblem; Polished Chevy Bow Tie; Silverado Suburban Tahoe  96143P",eBayMotors,USD,41.99,,1,,,A68_96143P
Revise,232127845788,"Ford Explorer TOUGH All Weather Floor Mats Liners DigitalFit Front Pair Black",eBayMotors,USD,119.99,,1,,,W24_443591
Revise,232127845790,"Truck Air Shock Controller On Board Compressor Kit 160psi Air Bag Air Ride Gauge",eBayMotors,USD,154.99,,1,,,A13_25804
Revise,262695486778,"ADCO Windshield Cover Class C Chevy RV Motorhomes 1997 To 2000 White Vinyl. 2408",eBayMotors,USD,51.99,,1,,,A1V_2408
Revise,332016746353,"GMC Front Grille Emblem; GMC Logo Black; Powder Coated; Aluminum 96500K",eBayMotors,USD,64.99,,1,,,A68_96500K
Revise,332016746359,"Interior Rear View Mirror Flat Design Chevrolet Bow Tie 8 Inch Polished 87394P",eBayMotors,USD,96.99,,1,,,A68_87394P
Revise,332016746365,"E-Z RV Motorhome Folding Stepping Stool Seat Black 300 lbs Max 12 Inch 103-6BK",eBayMotors,USD,24.99,,1,,,B6A_1036BK
Revise,232127845811,"ADCO Propane Dual 20 Pound - 5 Gallon Tank Cover Polar White Vinyl Zipper 2112",eBayMotors,USD,27.99,,1,,,A1V_2112
Revise,232127845815,"ADCO Windshield Cover Class C Ford RV Motorhomes 1992 To 1995 White Vinyl. 2405",eBayMotors,USD,51.99,,1,,,A1V_2405
Revise,262695486801,"RV Camper Trailer Travel Clothes Line Mounts On Bumper 48 Inch Length CL-100",eBayMotors,USD,49.99,,1,,,S2I_CL100
Revise,262695486816,"Landing Gear Manual Crank Handle For Fifth Wheel Landing Gear; Steel LG119226",eBayMotors,USD,33.99,,1,,,S2I_LG119226
Revise,332016746368,"Exterior Grab Bar; Black; Plastic; 18-5/8 Inch Length; RV Coach Entrance AH-150",eBayMotors,USD,31.49,,1,,,S2I_AH150
Revise,332016746374,"ADCO Windshield Cover Class C Ford RV Motorhomes 1973-1991 White Vinyl. 2401",eBayMotors,USD,50.99,,1,,,A1V_2401
Revise,332016746389,"ADCO Tire Cover Slip On Triple Axle Shade 30-32 Inch Polar White Vinyl Single",eBayMotors,USD,39.99,,1,,,A1V_3982
Revise,232127845810,"Rear Tailgate Grille Emblem Chevy Bow Tie Black Powder Coated Aluminum Chevrolet",eBayMotors,USD,45.99,,1,,,A68_96095K
Revise,232127845821,"Front Grille Emblem; Chevy Bow Tie With Boarder; Black; Aluminum 96196K",eBayMotors,USD,44.99,,1,,,A68_96196K
Revise,232127845827,"Ford F150 F250 Lincoln Exterior Towing Snap-On Side Mirror Extension Set / Pair",eBayMotors,USD,62.99,,1,,,K81_81600
Revise,262695486814,"1997-2002 Ford Expedition F150 Exterior Towing Snap-On Side Mirror Extension SET",eBayMotors,USD,62.99,,1,,,K81_81600
Revise,262695486823,"ADCO 25.5 INCH RV WHEEL SPARE TIRE COVER POLAR WHITE HEAVY DUTY VINYL 1758",eBayMotors,USD,21.99,,1,,,A1V_1758
Revise,332016746409,"36 Inch Tubular Truck RV Step Hitch Mount Black Fits 2 Inch Receivers 360T",eBayMotors,USD,102.99,,1,,,G26_360T
Revise,232127845830,"Front Grille Emblem; Chevy Bow Tie No Border; Chrome Plated; Aluminum 96001C",eBayMotors,USD,49.99,,1,,,A68_96001C
Revise,262695486826,"Front Grille Chevy Bow Tie Emblem Polished; Chevrolet Silverado Avalanche 96183P",eBayMotors,USD,41.99,,2,,,A68_96183P
Revise,262695486836,"2009-2018 Dodge Ram Exterior Towing LH & RH Snap-On Side View Mirror Set",eBayMotors,USD,60.99,,1,,,K81_80710
Revise,332016746413,"Front Grille Emblem; Chevy Bow Tie w/o Boarder; Black; Aluminum 96195K",eBayMotors,USD,49.99,,1,,,A68_96195K
Revise,332016746416,"Front Grille Emblem; Chevy Bow Tie; Black; Powder Coated 96042K",eBayMotors,USD,33.99,,1,,,A68_96042K
Revise,262695486835,"Rear Tailgate Grille Emblem; Chevy Bow Tie; Polished; Aluminum 96095P",eBayMotors,USD,45.99,,1,,,A68_96095P
Revise,332016746421,"Chevrolet, GMC, Cadillac Door LH,RH Exterior Towing Side View Mirror Set / Pair",eBayMotors,USD,199.99,,1,,,K81_6204950G
Revise,331846620427,"Truck Step Bed Hopper Tubular Step Tailgate Mount 400 Lbs Cap. Silver TS2000-01",eBayMotors,USD,79.99,,1,,,T88_TS200001
Revise,262417381833,"Weathertech 2006-2009 Dodge Ram Mud Flap Easy Direct Fit Set of 2 Guards 110007",eBayMotors,USD,43.99,,1,,,W24_110007
Revise,264201842250,"ADCO 32 1/4 Inch RV Wheel Spare Tire Cover Black Heavy Duty Vinyl 1732",eBayMotors,USD,21.99,,1,,,A1V_1732
Revise,233137112957,"ADCO 31 1/4 Inch RV Wheel Spare Tire Cover Black Heavy Duty Vinyl 1733",eBayMotors,USD,21.99,,1,,,A1V_1733
Revise,333079673987,"ADCO 29 3/4 Inch RV Wheel Spare Tire Cover Black Heavy Duty Vinyl 1734",eBayMotors,USD,21.99,,1,,,A1V_1734
Revise,264201849580,"ADCO 29 Inch RV Wheel Spare Tire Cover Black Heavy Duty Vinyl 1735",eBayMotors,USD,21.99,,1,,,A1V_1735
Revise,233137118179,"ADCO 28 Inch RV Wheel Spare Tire Cover Black Heavy Duty Vinyl 1736",eBayMotors,USD,21.99,,1,,,A1V_1736
Revise,264201855184,"ADCO 25 1/2 Inch RV Wheel Spare Tire Cover Black Heavy Duty Vinyl 1738",eBayMotors,USD,21.99,,1,,,A1V_1738
Revise,264201858665,"ADCO 24 Inch RV Wheel Spare Tire Cover Black Heavy Duty Vinyl 1739",eBayMotors,USD,21.99,,1,,,A1V_1739
Revise,333079696734,"ADCO 21 1/2 Inch RV Wheel Spare Tire Cover Black Heavy Duty Vinyl 1740",eBayMotors,USD,21.99,,1,,,A1V_1740
Revise,333079755802,"ADCO 32 1/4 INCH RV WHEEL SPARE TIRE COVER POLAR WHITE HEAVY DUTY VINYL 1752",eBayMotors,USD,21.99,,2,,,A1V_1752
Revise,333079770786,"ADCO 31 1/4 INCH RV WHEEL SPARE TIRE COVER POLAR WHITE HEAVY DUTY VINYL 1753",eBayMotors,USD,21.99,,1,,,A1V_1753
Revise,233137175338,"ADCO 29 3/4 INCH RV WHEEL SPARE TIRE COVER POLAR WHITE HEAVY DUTY VINYL 1754",eBayMotors,USD,21.99,,1,,,A1V_1754
Revise,333081461702,"ADCO 32 1/4 INCH RV CAMPER TRAILER SPARE TIRE WHEEL COVER USA AMERICAN FLAG 1782",eBayMotors,USD,26.49,,26,,,A1V_1782
Revise,333081611753,"ADCO Windshield Cover Class C Dodge RV Motorhomes 1973-1999 White Vinyl 2402",eBayMotors,USD,50.99,,10,,,A1V_2402
Revise,333082692135,"New Thule ProRide 598 Easy Mount Roof Rack Bike Carrier",eBayMotors,USD,229.99,,1,,,T22_598003
Revise,233139572189,"Thule 50 Inch Square Load Bar Set of 2 - Base Roof Rack System Crossbar Set",eBayMotors,USD,109.99,,1,,,T22_LB50
Revise,333083088026,"Thule 58 Inch Square Load Bar Set of 2 - Base Roof Rack System Crossbar Set",eBayMotors,USD,109.99,,1,,,T22_LB58
Revise,264205273803,"Thule 65 Inch Square Load Bar Set of 2 - Base Roof Rack System Crossbar Set",eBayMotors,USD,119.99,,1,,,T22_LB65
Revise,233139588133,"Thule 78 Inch Square Load Bar Set of 2 - Base Roof Rack System Crossbar Set",eBayMotors,USD,129.99,,1,,,T22_LB78
Revise,333084920302,"Thule SnowPack M 4 Ski or 2 Snowboard Roof Rack Carrier",eBayMotors,USD,239.99,,1,,,T22_7324
Revise,233140839000,"Thule SnowPack L 6 Ski or 4 Snowboard Roof Rack Carrier",eBayMotors,USD,279.99,,1,,,T22_7326
Revise,333087218179,"Star Wars Empire Darth Vader Floor Mats Universal Fit Heavy Duty Set of 2",eBayMotors,USD,54.99,,1,,,P23_001582R01
Revise,264208896892,"Marvel Universe Punisher Skull Floor Mats Universal Fit Heavy Duty Set of 2",eBayMotors,USD,54.99,,1,,,"P23_ 001486R01"
Revise,332667866963,"Exterior Grab Bar Handle Pair Stainless Steel 11 Inch Universal Set of 2 1002800",eBayMotors,USD,29.99,,3,,,G16_1002800
Revise,233145179952,"29 Inch White Car Truck RV Heavy Duty Tire Cover Blocks UV Damage Made in USA",eBayMotors,USD,29.99,,5,,,A1V_1755
Revise,264212870397,"Weathertech 2005 - 2015 Toyota Tacoma Front Mud Flaps - Direct Fit No Drill Set",eBayMotors,USD,44.99,,2,,,W24_110033
Revise,264212877876,"Weathertech 2007 - 2013 Toyota Tundra Front Mud Flaps - Direct Fit No Drill Set",eBayMotors,USD,44.99,,1,,,W24_110034
Revise,233145316854,"Weathertech 2014 - 2019 Chevy Silverado Front Mud Flaps Direct Fit No Drill Set",eBayMotors,USD,44.99,,1,,,W24_110035
Revise,333091300020,"Weathertech 2014 - 2019 GMC Sierra Front Mud Flaps Direct Fit No Drill Set of 2",eBayMotors,USD,44.99,,2,,,W24_110036
Revise,233145341523,"2015 - 2019 Heavy Duty Front Mud Flap Set for Escalade Suburban Tahoe Yukon",eBayMotors,USD,44.99,,1,,,W24_110038
Revise,332670243438,"Yellow Mountain Imports Goban 0.4"" Go Board Set W/ Stones and Book",US,USD,26.02,,1,,,
Revise,263728051805,"Artificial Raingutter Adapter Thule 542 Mounting Brackets , Fits: 300, 387, 953",eBayMotors,USD,82.99,,1,,,T22_542
Revise,263728051875,"ADCO 27 INCH RV CAMPER TRAILER SPARE TIRE WHEEL COVER USA AMERICAN FLAG 1787",eBayMotors,USD,26.99,,1,,,A1V_1787
Revise,232789209235,"Front Grille Emblem; Chevrolet Chevy Bow Tie Black; No Border Aluminum 96293K",eBayMotors,USD,56.99,,1,,,A68_96293K
Revise,263728052157,"Universal Bed Cargo Divider Bar W/ Net 40-74 Inch W/ Twist Lock 9142000",eBayMotors,USD,45.99,,2,,,G16_9142000
Revise,233146570983,"WeatherTech 2014-2019 GMC Sierra 1500 2500 3500 Front and Rear Mud Flap Set of 4",eBayMotors,USD,79.90,,1,,,W24_110036_36
Revise,263738133149,"Front Grille Emblem Bow Tie Polished Aluminum Chevy Chevrolet Silverado 96181P",eBayMotors,USD,44.99,,1,,,A68_96181P
Revise,332675622596,"ADCO 34 INCH RV WHEEL SPARE TIRE COVER POLAR WHITE HEAVY DUTY VINYL 1751",eBayMotors,USD,21.99,,1,,,A1V_1751
Revise,332675625994,"Side Mirror-Pickup Truck Ford,GMC,Chevy LH or RH Exterior Door Side View Mirror",eBayMotors,USD,38.99,,2,,,K81_H3571
Revise,263738150834,"Front Grille Emblem; Chevy Bow Tie No Border; Black; Powder Coated 96017K",eBayMotors,USD,34.99,,4,,,A68_96017K
Revise,263738153384,"ADCO 28 INCH RV MOTORHOME WHEEL SPARE TIRE COVER POLAR WHITE HEAVY DUTY 1756",eBayMotors,USD,22.99,,1,,,A1V_1756
Revise,332675631556,"Trailer Hitch Cover Plug 2"" Receiver Metal Harley Davidson Logo Black 002238",eBayMotors,USD,32.99,,1,,,P23_002238
Revise,263738167613,"ADCO 27 INCH RV WHEEL SPARE TIRE COVER BLACK HEAVY DUTY VINYL 1737",eBayMotors,USD,21.49,,1,,,A1V_1737
Revise,232794745844,"ADCO 28 INCH RV CAMPER TRAILER SPARE TIRE WHEEL COVER USA AMERICAN FLAG 1786",eBayMotors,USD,27.49,,2,,,A1V_1786
Revise,232794748193,"ADCO 29.75 INCH RV CAMPER TRAILER SPARE TIRE WHEEL COVER US AMERICAN FLAG 1784",eBayMotors,USD,27.49,,1,,,A1V_1784
Revise,263738170182,"ADCO 29 INCH RV CAMPER TRAILER SPARE TIRE WHEEL COVER USA AMERICAN FLAG 1785",eBayMotors,USD,27.59,,1,,,A1V_1785
Revise,332675637488,"Trailer Tongue Jack Cover for JET-3500 Electric Jack; Vinyl W/ Drawstring JET-01",eBayMotors,USD,24.99,,1,,,S2I_JET01
Revise,332675638681,"Front Grille and Rear Tailgate Emblem Chevy Bow Tie Black Aluminum Pair 96100K",eBayMotors,USD,76.99,,1,,,A68_96100K
Revise,332675639406,"Rear Tailgate Grille Emblem; Chevy Bow Tie; Polished; Aluminum 96093P",eBayMotors,USD,41.99,,1,,,A68_96093P
Revise,332675644187,"Front Grille Emblem; Chevy Bow Tie No Border; Polished Aluminum 96017P",eBayMotors,USD,33.99,,1,,,A68_96017P
Revise,233152121941,"Thule Spare Me Pro 2 Bike Carrier Tire Mount Rack For Jeep Van RV",eBayMotors,USD,249.95,,1,,,T22_963PRO
Revise,333100107729,"NEW Thule Insta-Gater Truck Bed Tailgate Mount Bike Rack",eBayMotors,USD,229.99,,1,,,T22_501
Revise,233153018755,"NEW Thule Aero Roof Rack Load Stops for AeroBlade Xsporter Tracrac Bars Set of 4",eBayMotors,USD,82.99,,3,,,T22_502
Revise,264224829750,"Thule AirScreen S 32 Inch Wind Shield Deflector Fairing for AeroBlade & Square",eBayMotors,USD,134.99,,1,,,T22_8700
Revise,233155227542,"Thule AirScreen M 38 Inch Wind Shield Deflector Fairing for AeroBlade & Square",eBayMotors,USD,134.99,,1,,,T22_8701
Revise,233155228360,"Thule AirScreen L 44 Inch Wind Shield Deflector Fairing for AeroBlade & Square",eBayMotors,USD,134.99,,1,,,T22_8702
Revise,333102785146,"Thule AirScreen XL 52 Inch Wind Shield Deflector Fairing for AeroBlade & Square",eBayMotors,USD,139.99,,1,,,T22_8703
Revise,233155252684,"2015 - 2019 Heavy Duty Front Mud Flap Set of 4 for Suburban Yukon Yukon XL",eBayMotors,USD,79.90,,1,,,W24_110038_48
Revise,333102822253,"2015 - 2019 Heavy Duty Front Mud Flap Set of 4 for Chevy Tahoe Direct Fit",eBayMotors,USD,79.90,,1,,,W24_110038_38
Revise,264225135060,"2011 - 2019 Ford Explorer Heavy Duty Front & Rear Mud Flap Set of 4 Direct Fit",eBayMotors,USD,79.90,,1,,,W24_110039_39
Revise,333103034812,"2011 - 2019 Ford Explorer Heavy Duty Front Mud Flap Set Direct Fit No Drill",eBayMotors,USD,44.99,,1,,,W24_110039
