VenCode,PartNumber,LongDescription,TotalQty,SKU
A68,1001,Hitch Accessories: 2006 Hummer H3; Hitch Cover,1,AMI1001
A68,1002,H2 Trailer Hitch Cover: 2002-2004 Hummer H2; polished/black letters,7,AMI1002
A68,1003,Iron Cross Trailer Hitch Cover: universal; polished,2,AMI1003
A68,1004,STAR HITCH COVER,5,AMI1004
A68,1006,BRDR IRON CROSS HITCH CVR,1,AMI1006
A68,1007,PEACE SIGN HITCH CVR,1,AMI1007
A68,1014K,NAUTICAL STAR HITCH COVER,4,AMI1014K
A68,1020,HULA-BISCU HITCH COVER,3,AMI1020
A68,1021,HULA-MERIA HITCH COVER,1,AMI1021
A68,1022,HULA-FLOPS HITCH COVER,14,AMI1022
A68,1034,HITCH COVER,3,AMI1034
A68,1036,BOW HITCH COVER,19,AMI1036
A68,1037,GMC HITCH COVER,9,AMI1037
A68,1041AMK,HITCH COVER,14,AMI1041AMK
A68,1041KAM,HITCH COVER,9,AMI1041KAM
A68,1041RK,HITCH COVER,9,AMI1041RK
A68,1041WK,HITCH COVER,10,AMI1041WK
A68,1042AMK,HITCH COVER,8,AMI1042AMK
Y10,2013Q1CP,2013 CONSUMER PROMO,77,AMI2013Q1CP
Y10,8000101,1A Raingutter Towers: various years/makes/models; lockable with SKS cores (sold separately); Zytelâ„¢ nylon; set of four,79,YAK8000101
Y10,8000124,NEW Q TOWER 4PK,333,YAK8000124
Y10,8000134,Q STRETCH KIT,16,YAK8000134
Y10,8000135,Roof Rack Accessories: Q Towers; mounting roof rack accessories,25,YAK8000135
Y10,8000145,RIDGELINE (4 PACK),36,YAK8000135
Y10,8000146,BASELINE (4 PACK),228,YAK8000146
Y10,8000147,TIMBERLINE (4 PACK),90,YAK8000147
Y10,8000148,SKYLINE (4 PACK),256,YAK8000148
Y10,8000150,BASELINE (2 PACK),44,YAK8000150
Y10,8000151,TIMBERLINE (2 PACK),23,YAK8000151
Y10,8000152,SKYLINE (2 PACK),43,YAK8000152
Y10,8000153,TIMBERLINE KIT SM,18,YAK8000153
Y10,8000154,TIMBERLINE KIT MD,19,YAK8000154
Y10,8000158,YAKIMA K328 FITTING KIT,19,YAK8000158
Y10,8000221,Landing Pad 1 Bases for Control Tower: various years/makes/models; includes a snap on cover when not in use; pair,274,
Y10,8000222,Cargo Carrier Accessorries: Watersport Carrier Accessories; landing pad,15,
Y10,8000224,LANDING PAD 4,19,
Y10,8000225,LANDING PAD 5,12,
Y10,8000226,Landing Pad 6 Bases for Control Tower: various years/makes/models; includes a snap on cover when not in use; bolts to any surface with underside access; pair,81,
Y10,8000227,Roof Rack Accessories: Landing Pad 7,20,
Y10,8000228,Roof Rack Accessories: Landing Pad 8; pair,12,
